http://a9.com/-/spec/opensearch/1.1/	opensearch
http://aers.data2semantics.org/resource/	aers
http://aers.data2semantics.org/vocab/	aersv
http://aims.fao.org/aos/common/	aims
http://aims.fao.org/aos/jita/	jita
http://akonadi-project.org/ontologies/aneo#	aneo
http://annotation.semanticweb.org/2004/iswc#	iswc
http://atomowl.org/ontologies/atomrdf#	atomrdf
http://bblfish.net/work/atom-owl/2006-06-06/#	atomowl
http://bibframe.org/vocab/	bf
http://bing.com/schema/media/	bing
http://bio2rdf.org/	bio2rdf
http://bio2rdf.org/chebi:	chebi
http://bio2rdf.org/core#	biocore
http://bio2rdf.org/hgnc:	hgnc
http://bio2rdf.org/ns/biopax#	biopax
http://bio2rdf.org/ns/ns/ns/pubchem#	b2rpubchem
http://bioinformatics.ua.pt/coeus/	coeus
http://blogs.yandex.ru/schema/foaf/	ya
http://buzzword.org.uk/rdf/atomix#	atomix
http://buzzword.org.uk/rdf/h5#	h5
http://buzzword.org.uk/rdf/personal-link-types#	plink
http://buzzword.org.uk/rdf/vcardx#	vcardx
http://buzzword.org.uk/rdf/xen#	xen
http://buzzword.org.uk/rdf/xhtml-elements#	xhe
http://callimachusproject.org/rdf/2009/framework#	calli
http://catalogus-professorum.org/cpm/	cpm
http://cbasewrap.ontologycentral.com/vocab#	cb
http://chem.deri.ie/granatum/	granatum
http://climb.dataincubator.org/vocabs/climb/	climb
http://commons.psi.enakting.org/def/	commons
http://commontag.org/ns#	ctag
http://conserv.deri.ie/ontology#	conserv
http://contextus.net/ontology/ontomedia/ext/common/trait#	trait
http://courseware.rkbexplorer.com/ontologies/courseware#	courseware
http://creativecommons.org/ns#	cc
http://d2rq.org/terms/jdbc/	jdbc
http://data.bl.uk/schema/bibliographic#	blt
http://data-gov.tw.rpi.edu/2009/data-gov-twc.rdf#	dgtwc
http://data.kasabi.com/dataset/eumida/terms/	eumida
http://data.kasabi.com/dataset/italy/schema/	italy
http://data.linkedct.org/resource/linkedct/	ct
http://data.linkedct.org/vocab/	linkedct
http://data.linkedct.org/vocab/resource/	lctr
http://data.linkedmdb.org/resource/movie/	movie
http://data.linkedmdb.org/sparql/	linkedmdb
http://data.lirmm.fr/ontologies/laposte#	laposte
http://data.lirmm.fr/ontologies/osp#	osp
http://data.lirmm.fr/ontologies/passim#	passim
http://data.lirmm.fr/ontologies/vdpp#	vdpp
http://data.nytimes.com/element/	nyt
http://data.nytimes.com/elements/	nytimes
http://data.ordnancesurvey.co.uk/id/	osgb
http://data.ordnancesurvey.co.uk/id/postcodeunit/	postcode
http://data.ordnancesurvey.co.uk/ontology/50kGazetteer/	gazetteer
http://data.ordnancesurvey.co.uk/ontology/admingeo/	admingeo
http://data.ordnancesurvey.co.uk/ontology/admingeo/	osadm
http://data.ordnancesurvey.co.uk/ontology/geometry/	osgeom
http://data.ordnancesurvey.co.uk/ontology/postcode/	ospost
http://data.ordnancesurvey.co.uk/ontology/spatialrelations/	spacerel
http://data.press.net/ontology/asset/	pna
http://data.press.net/ontology/event/	pne
http://data.press.net/ontology/stuff/	pns
http://data.scientology.org/ns/	sci
http://data.semanticweb.org/conference/ekaw/2012/complete/	ekaw
http://data.semanticweb.org/ns/swc/ontology#	swc
http://data.totl.net/game/	game
http://data.totl.net/occult/	occult
http://data.totl.net/tarot/card/	tarot
http://dati.camera.it/ocd/	ocd
http://dati.senato.it/osr/	osr
http://datos.bcn.cl/ontologies/bcn-biographies#	bcnbio
http://datos.bcn.cl/ontologies/bcn-congress#	bcncon
http://datos.bcn.cl/ontologies/bcn-geographics#	bcngeo
http://datos.bcn.cl/ontologies/bcn-norms#	bcnnorms
http://datos.bne.es/resource/	bne
http://datos.localidata.com/def/City#	city
http://dayta.me/resource#	dayta
http://dbpedialite.org/things/	dpl
http://dbpedia.org/	db
http://dbpedia.org/ontology/	dbo
http://dbpedia.org/ontology/	dbpediaowl
http://dbpedia.org/property/	dbp
http://dbpedia.org/property/	dbpp
http://dbpedia.org/property/	dbpprop
http://dbpedia.org/property/	dbprop
http://dbpedia.org/resource/Category:	category
http://dbpedia.org/resource/	dbpedia
http://dbpedia.org/resource/Template:	dbptmpl
http://dbtropes.org/ont/	dbtont
http://dcm.com/	dcm
http://deductions.sf.net/ontology/knowledge_base.owl#	kb
http://deepcarbon.net/	dco
http://def.esd.org.uk/	esd
http://demiblog.org/vocab/oauth#	oauth
http://dev.w3.org/cvsweb/2000/quacken/vocab#	quak
http://dig.csail.mit.edu/TAMI/2007/amord/air#	air
http://diplomski.nelakolundzija.org/LTontology.rdf#	lt
http://d-nb.info/gnd/	dnb
http://d-nb.info/gnd/	gnd
http://d-nb.info/standards/elementset/agrelon.owl#	agrelon
http://doc.metalex.eu/id/	mds
http://dsnotify.org/vocab/eventset/0.1/	evset
http://ecoinformatics.org/oboe/oboe.1.0/oboe-core.owl#	oboe
http://edgarwrap.ontologycentral.com/vocab/edgar#	edgar
http://eprints.org/ontology/	ep
http://eprints.org/ontology/	eprints
http://escience.rpi.edu/ontology/semanteco/2/0/pollution.owl#	pol
http://escience.rpi.edu/ontology/semanteco/2/0/water.owl#	water
http://escience.rpi.edu/ontology/sesf/s2s/4/0/	s2s
http://escience.rpi.edu/ontology/vsto/2/0/vsto.owl#	vsto
http://eulergui.sourceforge.net/engine.owl#	eg
http://eulersharp.sourceforge.net/2003/03swap/agent#	agent
http://eulersharp.sourceforge.net/2003/03swap/agent#	agents
http://eulersharp.sourceforge.net/2003/03swap/bioSKOSSchemes#	bioskos
http://eulersharp.sourceforge.net/2003/03swap/care#	care
http://eulersharp.sourceforge.net/2003/03swap/countries#	countries
http://eulersharp.sourceforge.net/2003/03swap/environment#	environ
http://eulersharp.sourceforge.net/2003/03swap/event#	events
http://eulersharp.sourceforge.net/2003/03swap/fl-rules#	fl
http://eulersharp.sourceforge.net/2003/03swap/genomeAbnormality#	genab
http://eulersharp.sourceforge.net/2003/03swap/humanBody#	humanbody
http://eulersharp.sourceforge.net/2003/03swap/human#	human
http://eulersharp.sourceforge.net/2003/03swap/languages#	languages
http://eulersharp.sourceforge.net/2003/03swap/log-rules#	elog
http://eulersharp.sourceforge.net/2003/03swap/log-rules#	es
http://eulersharp.sourceforge.net/2003/03swap/log-rules#	eu
http://eulersharp.sourceforge.net/2003/03swap/organism#	organism
http://eulersharp.sourceforge.net/2003/03swap/organization#	organiz
http://eulersharp.sourceforge.net/2003/03swap/prolog#	prolog
http://eulersharp.sourceforge.net/2003/03swap/quantitiesExtension#	quantities
http://eulersharp.sourceforge.net/2003/03swap/unitsExtension#	units
http://eulersharp.sourceforge.net/2006/02swap/fcm#	fcm
http://eunis.eea.europa.eu/rdf/species-schema.rdf#	eunis
http://eventography.org/sede/0.1/	sede
http://example.com/	ex
http://example.org/name#	name
http://fise.iks-project.eu/ontology/	fise
http://fliqz.com/	urn
http://foaf.qdos.com/lastfm/schema/	qdoslf
http://foodable.co/ns/	fd
http://freedesktop.org/standards/xesam/1.0/core#	xesam
http://futurios.org/fos/spec/	fos
http://gadm.geovocab.org/ontology#	gadm
http://gawd.atlantides.org/terms/	gawd
http://geo.linkeddata.es/ontology/	geoes
http://geovocab.org/geometry#	geom
http://geovocab.org/geometry#	ngeo
http://geovocab.org/	geovocab
http://geovocab.org/spatial#	spatial
http://govwild.org/ontology/GWOntology.owl#	govwild
http://harrisons.cc/	harrisons
http://hello.com/	dummy
http://idi.fundacionctic.org/cruzar/turismo#	turismo
http://id.loc.gov/vocabulary/relators/	marcrel
http://id.loc.gov/vocabulary/relators/	mrel
http://iflastandards.info/ns/isbd/elements/	isbd
http://inference-web.org/2.0/ds.owl#	dso
http://inference-web.org/2.0/pml-justification.owl#	pmlj
http://inference-web.org/2.0/pml-provenance.owl#	pmlp
http://inference-web.org/2.0/pml-relation.owl#	pmlr
http://inference-web.org/2.0/pml-trust.owl#	pmlt
http://institutions.publicdata.eu/#	eui
http://iptc.org/std/rNews/2011-10-07#	rnews
http://jena.hpl.hp.com/2008/tdb#	tdb
http://jena.hpl.hp.com/ARQ/function#	afn
http://jena.hpl.hp.com/ARQ/property#	pf
http://jena.hpl.hp.com/Eyeball#	eye
http://kasei.us/about/foaf.xrdf#	greg
http://kdo.render-project.eu/kdo#	kdo
http://km.aifb.kit.edu/projects/numbers/number#	no
http://kmm.lboro.ac.uk/ecos/1.0#	ecos
http://knoesis.wright.edu/provenir/provenir.owl#	provenir
http://krauthammerlab.med.yale.edu/ontologies/gelo#	gelo
http://kwantu.net/kw/	kw
http://kwijibo.talis.com/	kwijibo
http://kwijibo.talis.com/vocabs/puelia#	puelia
http://labels4all.info/ns/	l4a
http://labs.mondeca.com/vocab/endpointStatus#	ends
http://langegger.at/xlwrap/vocab#	xl
http://launchpad.net/rdf/launchpad#	lp
http://lexvo.org/ontology#	lexvo
http://lexvo.org/ontology#	lvont
http://life.deri.ie/schema/	life
http://linkedevents.org/ontology/	lode
http://linkedgeodata.org/ontology/	lgd
http://linkedrecipes.org/schema/	lr
http://linkedrecipes.org/schema/	recipe
http://linkedscience.org/lsc/ns#	lsc
http://linkedscience.org/teach/ns#	teach
http://lod2.eu/schema/	lod2
http://lod.ac/ns/lodac#	lodac
http://lod.gesis.org/lodpilot/ALLBUS/vocab.rdf#	gesis
http://lod.taxonconcept.org/ontology/txn.owl#	txn
http://lsdis.cs.uga.edu/projects/semdis/opus#	opus
http://ltsc.ieee.org/rdf/lomv1p0/lom#	lom
http://ltsc.ieee.org/rdf/lomv1p0/vocabulary#	lomvoc
http://lukasblaho.sk/football_league_schema#	fls
http://madskills.com/public/xml/rss/module/trackback/	trackback
http://manesht.ir/	mohammad
http://maven.apache.org/POM/4.0.0#	pom
http://moat-project.org/ns#	moat
http://models.okkam.org/ENS-core-vocabulary#	okkam
http://models.okkam.org/ENS-core-vocabulary.owl#	ens
http://mondeca.com/foaf/voaf#	voaf
http://multimedialab.elis.ugent.be/organon/ontologies/ninsuna#	nsa
http://musicontology.com/	music
http://myprefix.org/	myprefix
http://ndl.go.jp/dcndl/terms/	dcndl
http://nl.ijs.si/ME/owl/	mte
http://nlp2rdf.lod2.eu/schema/sso/	sso
http://nlp2rdf.lod2.eu/schema/string/	str
http://ns.adobe.com/photoshop/1.0/	photoshop
http://ns.adobe.com/xap/1.0/	xmp
http://ns.aksw.org/Evolution/	evopat
http://ns.aksw.org/spatialHierarchy/	shv
http://ns.inria.fr/nicetag/2010/09/09/voc#	nt
http://ns.inria.fr/nicetag/2010/09/09/voc#	ntag
http://ns.inria.fr/prissma/v1#	prissma
http://ns.inria.fr/ratio4ta/v1#	r4ta
http://ns.inria.fr/s4ac/v2#	s4ac
http://ns.inria.fr/webmarks#	wm
http://ns.nature.com/datasets/	npgd
http://ns.nature.com/extensions/	npgx
http://ns.nature.com/graphs/	npgg
http://ns.nature.com/terms/	npg
http://ns.ontowiki.net/SysOnt/	sysont
http://ns.poundhill.com/phss/1.0/	phss
http://ns.softwiki.de/req/	req
http://ns.taverna.org.uk/2010/scufl2#	scufl2
http://nuts.psi.enakting.org/id/BE335/doc/	nuts
http://oanda2rdf.appspot.com/xch/	xch
http://obofoundry.org/ro/ro.owl#	oboro
http://observedchange.com/moac/ns#	moac
http://observedchange.com/tisc/ns#	tisc
http://ogp.me/ns#	ogp
http://okkam.org/terms#	ok
http://omv.ontoware.org/2005/05/ontology#	omv
http://online-presence.net/opo/ns#	opo
http://ontologi.es/days#	days
http://ontologies.ezweb.morfeo-project.org/ezcontext/ns#	ezcontext
http://ontologies.ezweb.morfeo-project.org/eztag/ns#	eztag
http://ontologi.es/giving#	giving
http://ontologies.hypios.com/out#	out
http://ontologi.es/lang/core#	lang
http://ontologi.es/like#	like
http://ontologi.es/profiling#	pr
http://ontologi.es/profiling#	profiling
http://ontologi.es/rail/vocab#	rail
http://ontologies.smile.deri.ie/2009/02/27/memo#	memo
http://ontologies.smile.deri.ie/pdo#	pdo
http://ontologi.es/status#	status
http://ontologycentral.com/2010/05/cb/vocab#	cbase
http://ontologydesignpatterns.org/	odp
http://ontology.ip.rm.cnr.it/ontologies/DOLCE-Lite#	dl
http://ontology.it/itsmo/v1#	itsmo
http://ontorule-project.eu/resources/steel-30#	steel
http://opencoinage.org/rdf/	oc
http://opendepot.org/reference/linked/1.0/	oarj
http://openean.kaufkauf.net/id/	ean
http://opengraph.org/schema/	ogorg
http://opengraphprotocol.org/schema/	og
http://openknowledgegraph.org/ontology/	okg
http://openlinksw.com/schema/attribution#	opl
http://openlinksw.com/schemas/oat/	oat
http://openlinksw.com/services/facets/1.0/	fct
http://openprovenance.org/model/opmo#	opmo
http://openprovenance.org/ontology#	opm
http://openprovenance.org/ontology#	oprovo
http://open-services.net/ns/basicProfile#	bp
http://open.vocab.org/terms/	open
http://open.vocab.org/terms/	ov
http://persistence.uni-leipzig.org/nlp2rdf/ontologies/nif-core#	nif
http://philosurfical.open.ac.uk/ontology/philosurfical.owl/	phil
http://pkgsrc.co/schema#	pkgsrc
http://plugin.org.uk/swh-plugins/	swh
http://poderopedia.com/vocab/	poder
http://pokedex.dataincubator.org/pkm/	pkmn
http://poshrdf.org/ns/mf#	mf
http://poshrdf.org/ns/posh/	posh
http://prefix.cc/nsogi:	nsogi
http://prefix.cc/	prefix
http://prismstandard.org/namespaces/basic/2.0/	prism
http://prismstandard.org/namespaces/basic/2.1/	prism21
http://protege.stanford.edu/plugins/owl/dc/protege-dc.owl#	protegedc
http://protege.stanford.edu/system#	protege
http://proton.semanticweb.org/2005/04/protons#	protons
http://prov4j.org/w3p/	w3p
http://provenanceweb.org/ns/pml#	pml
http://psh.techlib.cz/skos/	psh
http://purl.bioontology.org/ontology/EDAM/	edam
http://purl.obolibrary.org/obo/	ero
http://purl.obolibrary.org/obo/iao.owl#	iao
http://purl.obolibrary.org/obo/	obo
http://purl.obolibrary.org/obo/	pobo
http://purl.oclc.org/NET/muo/muo#	muo
http://purl.oclc.org/NET/mvco.owl#	mvco
http://purl.oclc.org/NET/nknouf/ns/bibtex#	bibtex
http://purl.oclc.org/NET/sism/0.1/	sism
http://purl.oclc.org/POIS/vcblr#	pois
http://purl.org/acco/ns#	acco
http://purl.org/adms/sw/	admssw
http://purl.org/amicroformat/arecipe/	arecipe
http://purl.org/archival/vocab/arch#	arch
http://purl.org/ASN/schema/core/	asn
http://purl.org/b2bo#	b2bo
http://purl.org/biotop/biotop.owl#	biotop
http://purl.org/captsolo/resume-rdf/0.2/base#	cvbase
http://purl.org/captsolo/resume-rdf/0.2/cv#	cv
http://purl.org/carfo#	carfo
http://purl.org/cld/terms/	cld
http://purl.org/co/	coll
http://purl.org/commerce#	com
http://purl.org/commerce/creditcard#	ccard
http://purl.org/commerce/payment#	pay
http://purl.org/commerce/product#	product
http://purl.org/configurationontology#	cold
http://purl.org/coo/ns#	coo
http://purl.org/court/def/2009/coin#	coin
http://purl.org/ctic/dcat#	ds
http://purl.org/ctic/empleo/oferta#	emp
http://purl.org/ctic/infraestructuras/organizacion#	ctorg
http://purl.org/ctic/sector-publico/elecciones#	elec
http://purl.org/dc/dcam/	dcam
http://purl.org/dc/dcmitype/	dcmit
http://purl.org/dc/dcmitype/	dcmitype
http://purl.org/dc/dcmitype/	dctype
http://purl.org/dc/elements/1.1/	dc
http://purl.org/dc/elements/1.1/	dc11
http://purl.org/dc/elements/1.1/	dce
http://purl.org/dc/terms/	dcq
http://purl.org/dc/terms/	dct
http://purl.org/dc/terms/	dcterm
http://purl.org/dc/terms/	dcterms
http://purl.org/derecho#	derecho
http://purl.org/dita/ns#	dita
http://purl.org/dqm-vocabulary/v1/dqm#	dqm
http://purl.org/fab/ns#	fab
http://purl.org/foodontology#	food
http://purl.org/gc/	gnvc
http://purl.org/germplasm/terms#	germplasm
http://purl.org/goodrelations/v1#	gr
http://purl.org/hpi/patchr#	pro
http://purl.org/ibis#	ibis
http://purl.org/innovation/ns#	inno
http://purl.org/lex#	lex
http://purl.org/library/	lib
http://purl.org/library/	library
http://purl.org/linguistics/gold/	gold
http://purl.org/linked-data/api/vocab#	api
http://purl.org/linked-data/api/vocab#	apivc
http://purl.org/linked-data/cube#	cube
http://purl.org/linked-data/cube#	qb
http://purl.org/linked-data/sdmx/2009/dimension#	sdmxdim
http://purl.org/linked-data/sdmx#	sdmx
http://purl.org/linked-data/xkos#	xkos
http://purl.org/linkingyou/	lyou
http://purl.org/lobid/lv#	lv
http://purl.org/locwd/schema#	locwd
http://purl.org/makolab/caont/	cao
http://purl.org/marl/ns#	marl
http://purl.org/media/audio#	audio
http://purl.org/media/video#	video
http://purl.org/metainfo/terms/dsp#	dsp
http://purl.org/microformat/hmedia/	media
http://purl.org/microformat/hmedia/	ufmedia
http://purl.org/muto/core#	muto
http://purl.org/NET/acc#	acc
http://purl.org/net/biblio#	biblio
http://purl.org/NET/biol/botany#	botany
http://purl.org/NET/biol/ns#	biol
http://purl.org/NET/biol/zoology#	zoology
http://purl.org/net/biordfmicroarray/ns#	biordf
http://purl.org/NET/book/vocab#	book
http://purl.org/NET/c4dm/event.owl#	c4dm
http://purl.org/NET/c4dm/event.owl#	event
http://purl.org/NET/c4dm/timeline.owl#	timeline
http://purl.org/NET/c4dm/timeline.owl#	tl
http://purl.org/NET/cidoc-crm/core#	cidoccrm
http://purl.org/NET/cloudisus#	cis
http://purl.org/net/compass#	compass
http://purl.org/NET/dady#	dady
http://purl.org/NET/decimalised#	ddc
http://purl.org/net/dssn/	dssn
http://purl.org/net/ldap/	ldap
http://purl.org/NET/lx#	lx
http://purl.org/NET/mediatypes/	mime
http://purl.org/net/ns/wordmap#	wordmap
http://purl.org/net/opmv/ns#	opmv
http://purl.org/net/opmv/types/gridworks#	gridworks
http://purl.org/NET/ordf/	ordf
http://purl.org/net/pingback/	ping
http://purl.org/net/pingback/	pingback
http://purl.org/net/provenance/integrity#	prviv
http://purl.org/net/provenance/ns#	hartigprov
http://purl.org/net/provenance/ns#	prv
http://purl.org/net/provenance/types#	prvt
http://purl.org/net/provenance/types#	prvtypes
http://purl.org/NET/puc#	puc
http://purl.org/net/rdf-money/	money
http://purl.org/NET/rulz#	rulz
http://purl.org/NET/schema-org-csv#	scsv
http://purl.org/net/schemas/space/	space
http://purl.org/NET/scovo#	scovo
http://purl.org/NET/scovo#	scv
http://purl.org/NET/uri#	uri
http://purl.org/net/vocab/2004/03/label#	label
http://purl.org/net/vocab/2004/07/visit#	visit
http://purl.org/NET/yoda#	yoda
http://purl.org/ns/meteo#	meteo
http://purl.org/nxp/schema/v1/	nxp
http://purl.org/obo/owl/MS#	ms
http://purl.org/obo/owl/NCBITaxon#	ncbitaxon
http://purl.org/obo/owl/SO#	oboso
http://purl.org/olia/mte/multext-east.owl#	mtecore
http://purl.org/olia/olia.owl#	olia
http://purl.org/omapi/0.2/#	omapi
http://purl.org/ontology/af/	af
http://purl.org/ontology/ao/core#	ao
http://purl.org/ontology/bibo/	bibo
http://purl.org/ontology/cco/core#	cco
http://purl.org/ontology/cco/mappings#	ccom
http://purl.org/ontology/chord/	chord
http://purl.org/ontology/co/core#	co
http://purl.org/ontology/daia/	daia
http://purl.org/ontology/daia/Service/	daiaserv
http://purl.org/ontology/gbv/	gbv
http://purl.org/ontology/iron#	iron
http://purl.org/ontology/is/core#	is
http://purl.org/ontology/is/inst/	isi
http://purl.org/ontology/is/quality/	isq
http://purl.org/ontology/is/types/	ist
http://purl.org/ontology/last-fm/	gob
http://purl.org/ontology/last-fm/	lastfm
http://purl.org/ontology/last-fm/	lfm
http://purl.org/ontology/mo/mit#	mit
http://purl.org/ontology/mo/	mo
http://purl.org/ontology/muni#	muni
http://purl.org/ontology/myspace#	myspace
http://purl.org/ontology/myspace#	myspo
http://purl.org/ontology/olo/core#	olo
http://purl.org/ontology/pbo/core#	pbo
http://purl.org/ontology/places/	place
http://purl.org/ontology/places#	places
http://purl.org/ontology/po/	po
http://purl.org/ontology/prv/rules#	prvr
http://purl.org/ontology/rec/core#	rec
http://purl.org/ontology/sco#	sco
http://purl.org/ontology/similarity/	musim
http://purl.org/ontology/similarity/	sim
http://purl.org/ontology/ssso#	ssso
http://purl.org/ontology/storyline/	nsl
http://purl.org/ontology/symbolic-music/	so
http://purl.org/ontology/wo/	wlo
http://purl.org/ontology/wo/	wo
http://purl.org/ontomedia/core/expression#	ome
http://purl.org/ontomedia/core/media#	omm
http://purl.org/ontomedia/core/space#	spc
http://purl.org/ontomedia/ext/common/being#	being
http://purl.org/ontomedia/ext/common/being#	omb
http://purl.org/ontomedia/ext/common/bestiary#	omc
http://purl.org/ontomedia/ext/common/profession#	omp
http://purl.org/ontomedia/ext/common/trait#	omt
http://purl.org/openorg/	oo
http://purl.org/pav/	pav
http://purl.org/procurement/public-contracts-czech#	pccz
http://purl.org/procurement/public-contracts#	pc
http://purl.org/prog/	prog
http://purl.org/provenance/w3p/w3po#	w3po
http://purl.org/rdo/ns#	rdo
http://purl.org/reco#	reco
http://purl.org/restdesc/http-template#	tmpl
http://purl.org/rss/1.0/modules/content/	content
http://purl.org/rss/1.0/modules/taxonomy/	taxo
http://purl.org/rss/1.0/	rss
http://purl.org/science/owl/sciencecommons/	sc
http://purl.org/signature#	sig
http://purl.org/spar/biro/	biro
http://purl.org/spar/c4o/	c4o
http://purl.org/spar/cito/	cito
http://purl.org/spar/datacite/	dcite
http://purl.org/spar/deo/	deo
http://purl.org/spar/doco/	doco
http://purl.org/spar/fabio#	fabio
http://purl.org/spar/pso/	pso
http://purl.org/spar/pwo/	pwo
http://purl.org/stuff/project/	prj
http://purl.org/stuff/rev#	rev
http://purl.org/swan/1.2/agents/	swanag
http://purl.org/swan/1.2/citations/	swanci
http://purl.org/swan/1.2/discourse-elements/	swande
http://purl.org/swan/1.2/discourse-relationships/	swandr
http://purl.org/swan/1.2/pav/	swanpav
http://purl.org/swan/1.2/qualifiers/	swanq
http://purl.org/swan/1.2/qualifiers/	swanqs
http://purl.org/swan/1.2/swan-commons/	swanco
http://purl.org/swan/2.0/discourse-relationships/	dr
http://purl.org/tcga/core#	tcga
http://purl.org/telix#	telix
http://purl.org/telmap/	telmap
http://purl.org/theatre#	theatre
http://purl.org/tio/ns#	tio
http://purl.org/tripfs/2010/02#	tripfs
http://purl.org/tripfs/2010/06#	tripfs2
http://purl.org/twc/cabig/model/HINTS2005-1.owl#	hints2005
http://purl.org/twc/health/vocab/aggregate/	agg
http://purl.org/twc/health/vocab/	health
http://purl.org/twc/ontologies/cmo.owl#	cmo
http://purl.org/twc/ontologies/identity.owl#	identity
http://purl.org/twc/ontology/cdm.owl#	cdm
http://purl.org/twc/ontology/frir.owl#	frir
http://purl.org/twc/vocab/between-the-edges/	bte
http://purl.org/twc/vocab/conversion/	conv
http://purl.org/twc/vocab/conversion/	conversion
http://purl.org/twc/vocab/cross-topix#	xt
http://purl.org/twc/vocab/datafaqs#	datafaqs
http://purl.org/twc/vocab/goef#	goef
http://purl.org/twc/vocab/vsr/graffle#	graffle
http://purl.org/twc/vocab/vsr#	vsr
http://purl.org/uco/ns#	uco
http://purl.org/uF/hCard/terms/	hcard
http://purl.org/uF/hCard/terms/	hcterms
http://purl.org/vocab/aiiso/schema#	aiiso
http://purl.org/vocab/bio/0.1/	bio
http://purl.org/vocab/changeset/schema#	cs
http://purl.org/vocab/frbr/core#	frbr
http://purl.org/vocab/frbr/core#	frbrcore
http://purl.org/vocab/frbr/extended#	frbre
http://purl.org/vocab/lifecycle/schema#	lcy
http://purl.org/vocab/lifecycle/schema#	lifecycle
http://purl.org/vocab/participation/schema#	part
http://purl.org/vocab/participation/schema#	particip
http://purl.org/vocab/participation/schema#	role
http://purl.org/vocab/psychometric-profile/	psych
http://purl.org/vocab/relationship/	ref
http://purl.org/vocab/relationship/	rel
http://purl.org/vocab/resourcelist/schema#	resource
http://purl.org/vocab/riro/ddl#	ddl
http://purl.org/vocab/riro/gpt#	gpt
http://purl.org/vocab/riro/sdl#	sdl
http://purl.org/vocabularies/princeton/wordnet/schema#	wordnet
http://purl.org/vocab/vann/	vann
http://purl.org/voc/vrank#	vrank
http://purl.org/vso/ns#	vso
http://purl.org/vvo/ns#	vvo
http://purl.org/wai#	wai
http://purl.org/weso/cpv/	cpv
http://purl.org/weso/ontologies/scowt#	scowt
http://purl.org/weso/uni/uni.html#	uni
http://purl.org/wf4ever/roevo#	roevo
http://purl.org/wf4ever/ro#	ro
http://purl.org/wf4ever/roterms#	roterms
http://purl.org/wf4ever/wf4ever#	wf4ever
http://purl.org/wf4ever/wfdesc#	wfdesc
http://purl.org/wf4ever/wfprov#	wfprov
http://purl.org/xro/ns#	xro
http://purl.org/xtypes/	xtypes
http://purl.uniprot.org/core/	uniprot
http://qudt.org/1.1/schema/qudt#	qud
http://qudt.org/1.1/schema/qudt#	qudt
http://qudt.org/vocab/unit#	unit
http://ramonantonio.net/doac/0.1/#	doac
http://rdf.alchemyapi.com/rdf/v1/s/aapi-schema#	aapi
http://rdf.data-vocabulary.org/#	dv
http://rdf.data-vocabulary.org/#	gd
http://rdf.data-vocabulary.org/#	gv
http://rdf.data-vocabulary.org/rdf.xml#	rdfdata
http://rdf.data-vocabulary.org/	rich
http://rdf.ebi.ac.uk/vocabulary/zooma/	zoomaterms
http://rdf.ecs.soton.ac.uk/ontology/ecs#	ecs
http://rdf.freebase.com/ns/	fb
http://rdf.freebase.com/ns/	freebase
http://rdf.geospecies.org/methods/observationMethod#	obsm
http://rdf.geospecies.org/ont/geospecies#	geosp
http://rdf.geospecies.org/ont/geospecies#	geospecies
http://rdf.insee.fr/def/demo#	idemo
http://rdf.insee.fr/def/geo#	igeo
http://rdf.muninn-project.org/ontologies/appearances#	aos
http://rdf.muninn-project.org/ontologies/graves#	graves
http://rdf.muninn-project.org/ontologies/military#	mil
http://rdf.myexperiment.org/ontologies/base/	meb
http://rdf.myexperiment.org/ontologies/snarm/	snarm
http://rdf.ontology2.com/vocab#	vocab
http://rdfs.org/ns/void#	void
http://rdfs.org/sioc/actions#	sioca
http://rdfs.org/sioc/argument#	arg
http://rdfs.org/sioc/ns#	sioc
http://rdfs.org/sioc/types#	sioct
http://rdfs.org/sioc/types#	sioctypes
http://rdf-vocabulary.ddialliance.org/discovery#	disco
http://rdvocab.info/ElementsGr3/	rdag3
http://rdvocab.info/elements/	rda
http://rdvocab.info/Elements/	rdag1
http://rdvocab.info/Elements/	rdagr1
http://rdvocab.info/RDARelationshipsWEMI/	rdarel
http://rdvocab.info/RDARelationshipsWEMI/	rdrel
http://rdvocab.info/roles/	rdarole
http://rdvocab.info/termList/RDACarrierType/	rdacarrier
http://rdvocab.info/termList/RDAContentType/	rdacontent
http://rdvocab.info/termList/RDAMediaType/	rdamedia
http://rdvocab.info/uri/schema/FRBRentitiesRDA/	rdafrbr
http://redfoot.net/2005/session#	session
http://reference.data.gov.uk/def/central-government/	cgov
http://reference.data.gov.uk/def/intervals/	interval
http://reference.data.gov.uk/def/intervals/	intervals
http://reference.data.gov.uk/def/organogram/	odv
http://reference.data.gov.uk/def/payment#	payment
http://reference.data.gov.uk/technical-registry/	pronom
http://resex.rkbexplorer.com/ontologies/resex#	resex
http://rhizomik.net/ontologies/2005/03/Mpeg7-2001.owl#	mpeg7
http://rhizomik.net/ontologies/2008/05/copyrightonto.owl#	copyright
http://richard.cyganiak.de/	kontakt
http://rinfo.lagrummet.se/ns/2008/11/rinfo/publ#	rpubl
http://rs.tdwg.org/dwc/terms/	dwc
http://saxon.sf.net/	saxon
http://schema.omg.org/spec/CTS2/1.0/	cts2
http://schema.org/	schema
http://schemas.microsoft.com/imm/	imm
http://schemas.talis.com/2005/address/schema#	ad
http://schemas.talis.com/2005/address/schema#	address
http://schemas.talis.com/2005/dir/schema#	dir
http://schemas.talis.com/2005/service/schema#	sv
http://schemas.talis.com/2005/user/schema#	user
http://schema.wolterskluwer.de/	wkd
http://scot-project.org/scot/ns#	scot
http://scubadive.networld.to/dive.rdf#	dive
http://search.yahoo.com/searchmonkey/commerce/	commerce
http://securitytoolbox.appspot.com/stac#	stac
http://semanticdiet.com/schema/usda/nndsr/	nndsr
http://semantic.eurobau.com/eurobau-utility.owl#	ebu
http://semantic-mediawiki.org/swivt/1.0#	swivt
http://semanticscience.org/resource/	sio
http://semantictweet.com/	semtweet
http://semanticweb.org/id/	swid
http://simile.mit.edu/2003/10/ontologies/artstor#	artstor
http://sindice.com/hlisting/0.1/	hlisting
http://sindice.com/vocab/search#	search
http://sites.google.com/site/xgmaitc/	marshall
http://sites.wiwiss.fu-berlin.de/suhl/bizer/d2r-server/config.rdf#	d2r
http://skipforward.net/skipforward/resource/	skip
http://spatial.ucd.ie/2012/08/osmsemnet/	osmsemnet
http://spatial.ucd.ie/lod/osn/	osn
http://spi-fm.uca.es/neologism/cerif#	cerif
http://spinrdf.org/spif#	spif
http://spinrdf.org/spin#	spin
http://spinrdf.org/spl#	spl
http://spinrdf.org/sp#	sp
http://spitfire-project.eu/ontology/ns/>	spt
http://stanbol.apache.org/ontology/disambiguation/disambiguation#	dis
http://stanbol.apache.org/ontology/enhancer/enhancer#	enhancer
http://standaarden.overheid.nl/owms/	overheid
http://stats.data-gov.ie/property/	sdgp
http://strdf.di.uoa.gr/ontology#	strdf
https://w3id.org/payswarm#	ps
https://w3id.org/security#	sec
http://swat.cse.lehigh.edu/resources/onto/aigp.owl#	aigp
http://sw.cyc.com/CycAnnotations_v1#	cycann
http://sw.deri.org/2005/08/conf/cfp.owl#	cfp
http://sweet.jpl.nasa.gov/2.0/mathOperation.owl#	oper
http://sw.opencyc.org/concept/	cyc
http://swpatho.ag-nbi.de/context/meta.owl#	swpatho
http://sw-portal.deri.org/ontologies/swportal#	swpo
http://swrc.ontoware.org/ontology#	swrc
http://sws.geonames.org/	geodata
http://s.zemanta.com/ns#	zem
http://telegraphis.net/ontology/geography/geography#	geographis
http://telegraphis.net/ontology/measurement/code#	code
http://test2.example.com/	test
http://this.invalid/test2#	test2
http://tipsy.googlecode.com/svn/trunk/vocab/pmt#	pmt
http://tobyinkster.co.uk/#	toby
http://topbraid.org/sparqlmotionfunctions#	smf
http://topbraid.org/sparqlmotionlib#	sml
http://topbraid.org/sparqlmotion#	sm
http://trust.utep.edu/visko/ontology/visko-operator-v3.owl#	visko
http://trust.utep.edu/visko/ontology/visko-operator-v3.owl#	viskoo
http://trust.utep.edu/visko/ontology/visko-view-v3.owl#	viskov
http://umbel.org/umbel/ac/	ac
http://umbel.org/umbel/ne/	ne
http://umbel.org/umbel/rc/	umbelrc
http://umbel.org/umbel#	umbel
http://uptheasset.org/ontology#	ass
http://uptheasset.org/ontology#	uta
http://uriplay.org/spec/ontology/#	play
http://usefulinc.com/ns/doap#	doap
http://users.utcluj.ro/~raluca/ontology/Ontology1279614123500.owl#	lark1
http://users.utcluj.ro/~raluca/rdf_ontologies_ralu/ralu_modified_ontology_pizzas2_0#	anca
http://vapour.sourceforge.net/vocab.rdf#	vapour
http://verticalsearchworks.com/ontology/synset#	vsws
http://verticalsearchworks.com/ontology/	vsw
http://viaf.org/ontology/1.1/#	viaf
http://vitro.mannlib.cornell.edu/ns/vitro/public#	vitro
http://vivoweb.org/ontology/core#	core
http://vivoweb.org/ontology/core#	vivo
http://voag.linkedmodel.org/schema/voag#	voag
http://vocab.data.gov/def/drm#	drm
http://vocab.deri.ie/am#	am
http://vocab.deri.ie/br#	br
http://vocab.deri.ie/c4n#	c4n
http://vocab.deri.ie/cogs#	cogs
http://vocab.deri.ie/csp#	csp
http://vocab.deri.ie/fingal#	fingal
http://vocab.deri.ie/nocal#	nocal
http://vocab.deri.ie/odapp#	odapp
http://vocab.deri.ie/ppo#	ppo
http://vocab.deri.ie/raul#	raul
http://vocab.deri.ie/rooms#	room
http://vocab.deri.ie/rooms#	rooms
http://vocab.deri.ie/tao#	tao
http://vocab.inf.ed.ac.uk/library/holdings#	lh
http://vocab.lenka.no/geo-deling#	geod
http://vocab.lenka.no/geo-deling#	ngeoi
http://vocab.org/transit/terms/	transit
http://vocab.org/waiver/terms/	wv
http://vocab.ouls.ox.ac.uk/projectfunding#	arpfo
http://vocab.resc.info/communication#	comm
http://vocab.sindice.com/xfn#	xfn
http://vocab.sindice.com/xfn#	xfnv
http://vocab.sindice.net/	sindice
http://vocabularies.wikipathways.org/	wp
http://webbox.ecs.soton.ac.uk/ns#	webbox
http://weblab-project.org/core/model/property/processing/	wlp
http://webns.net/mvcb/	admin
http://web.resource.org/rss/1.0/modules/syndication/	rssynd
http://web-semantics.org/ns/mysql/	mysql
http://web-semantics.org/ns/opensocial#	osoc
http://webtlab.it.uc3m.es/2010/10/WebAppsOntology#	wao
http://webtlab.it.uc3m.es/	webtlab
http://west.uni-koblenz.de/ontologies/2010/07/dgfoaf.owl#	dgfoaf
http://wifo-ravensburg.de/semanticweb.rdf#	rv
http://wiss-ki.eu/	wisski
http://worldbank.270a.info/classification/	wbc
http://worldbank.270a.info/property/	wbp
http://www4.wiwiss.fu-berlin.de/bizer/bsbm/v01/vocabulary/	bsbm
http://www4.wiwiss.fu-berlin.de/bizer/r2r/	r2r
http://www4.wiwiss.fu-berlin.de/cordis/resource/cordis/	cordis
http://www4.wiwiss.fu-berlin.de/dailymed/resource/dailymed/	dailymed
http://www4.wiwiss.fu-berlin.de/dblp/terms.rdf#	dblp
http://www4.wiwiss.fu-berlin.de/diseasome/resource/diseasome/	diseasome
http://www4.wiwiss.fu-berlin.de/drugbank/resource/drugbank/	drugbank
http://www4.wiwiss.fu-berlin.de/factbook/ns#	factbook
http://www4.wiwiss.fu-berlin.de/sider/resource/sider/	sider
http://www.affymetrix.com/community/publications/affymetrix/tmsplice#	affy
http://www.agetec.org/	agetec
http://www.agfa.com/w3c/2009/clinicalEvaluation#	clineva
http://www.agfa.com/w3c/2009/clinicalProcedure#	clinproc
http://www.agfa.com/w3c/2009/drugTherapy#	drug
http://www.agfa.com/w3c/2009/healthCare#	healthcare
http://www.agfa.com/w3c/2009/hemogram#	hemogram
http://www.agfa.com/w3c/2009/hospital#	hospital
http://www.agfa.com/w3c/2009/humanDisorder#	disease
http://www.agfa.com/w3c/2009/infectiousDisorder#	infection
http://www.agfa.com/w3c/2009/malignantNeoplasm#	malignneo
http://www.agls.gov.au/agls/terms/	agls
http://www.aifb.kit.edu/id/	aifb
http://www.aktors.org/ontology/portal#	akt
http://www.aktors.org/ontology/support#	akts
http://www.ashutosh.com/test/	card
http://www.awesomesauce.net/urmom/	eat
http://www.bbc.co.uk/ontologies/sport/	sport
http://www.bigdata.com/rdf/search#	bd
http://www.cidoc-crm.org/cidoc-crm/	crm
http://www.cogsci.princeton.edu/~wn/schema/	wnschema
http://www.co-ode.org/ontologies/pizza/pizza.owl#	pizza
http://www.daisy.org/z3998/2012/vocab/	daisy
http://www.daml.org/2001/03/daml+oil#	daml
http://www.daml.org/2001/09/countries/iso-3166-ont#	coun
http://www.daml.org/2001/10/html/airport-ont#	airport
http://www.daml.org/services/owl-s/1.2/generic/Expression.owl#	owlse
http://www.daml.org/services/owl-s/1.2/Service.owl#	owls
http://www.dbs.cs.uni-duesseldorf.de/RDF/relational#	rdb
http://www.dotnetrdf.org/configuration#	dnr
http://www.dotnetrdf.org/leviathan#	lfn
http://www.ebi.ac.uk/efo/	efo
http://www.ebi.ac.uk/gxa/	gxa
http://www.ebsemantics.net/gastro#	gastro
http://www.ebusiness-unibw.org/ontologies/consumerelectronics/v1#	ceo
http://www.ebusiness-unibw.org/ontologies/eclass/5.1.4/#	eco
http://www.e-lico.eu/data/kupkb/	kupkb
http://www.enakting.org/provenance/voidp/	voidp
http://www.essepuntato.it/2012/04/tvc/	tvc
http://www.europeana.eu/schemas/edm/	edm
http://www.example.org/rdf#	example
http://www.example.org/terms/	exterms
http://www.freeclass.eu/freeclass_v1#	fc
http://www.geneontology.org/go#	go
http://www.geocontext.org/publ/2013/vocab#	geocontext
http://www.geonames.org/ontology#	geonames
http://www.geonames.org/ontology#	gn
http://www.geonames.org/ontology/mappings/	gnm
http://www.georss.org/georss/	georss
http://www.georss.org/georss/	grs
http://www.gutenberg.org/2009/pgterms/	pgterms
http://www.holygoat.co.uk/owl/redwood/0.1/tags/	hg
http://www.holygoat.co.uk/owl/redwood/0.1/tags/	tag
http://www.holygoat.co.uk/owl/redwood/0.1/tags/	tags
http://www.ifomis.org/bfo/1.1/span#	span
http://www.infosys.com/	infosys
http://www.inria.fr/acacia/corese#	cos
http://www.isocat.org/ns/dcr.rdf#	dcr
http://www.joshuajeeson.com/	jjd
http://www.junkwork.net/xml/DocumentList#	doclist
http://www.kanzaki.com/ns/music#	mu
http://www.kanzaki.com/ns/whois#	whois
http://www.lingvoj.org/ontology#	lingvo
http://www.lingvoj.org/ontology#	lingvoj
http://www.lingvoj.org/semio#	semio
http://www.linkedmodel.org/1.0/schema/decl#	decl
http://www.linkedmodel.org/schema/dtype#	dtype
http://www.linkedmodel.org/schema/vaem#	vaem
http://www.linkedthings.com/iot/	iot
http://www.loa-cnr.it/ontologies/DUL.owl#	dul
http://www.loc.gov/mads/rdf/v1#	mads
http://www.loc.gov/mads/rdf/v1#	madsrdf
http://www.lotico.com/meetup/	meetup
http://www.lotico.com/ontology/	loticoowl
http://www.lotico.com/resource/	lotico
http://www.metadata.net/harmony/ABCSchemaV5Commented.rdf#	abc
http://www.metalex.eu/schema/1.0#	metalex
http://www.mit.jyu.fi/ai/TRUST_Ontologies/QA.owl#	qa
http://www.monnet-project.eu/lemon#	lemon
http://www.music-encoding.org/ns/mei/	mei
http://www.mygrid.org.uk/mygrid-moby-service#	moby
http://www.mygrid.org.uk/ontology#	mygrid
http://www.nanopub.org/nschema#	np
http://www.newmedialab.at/fcp/	fcp
http://www.oegov.org/core/owl/cc#	oecc
http://www.oegov.org/core/owl/gc#	gc
http://www.ontologydesignpatterns.org/cpont/ire.owl#	ire
http://www.ontologydesignpatterns.org/cp/owl/componency.owl#	cmp
http://www.ontologydesignpatterns.org/cp/owl/informationobjectsandrepresentationlanguages.owl#	irrl
http://www.ontologydesignpatterns.org/cp/owl/informationrealization.owl#	infor
http://www.ontologydesignpatterns.org/cp/owl/informationrealization.owl#	ir
http://www.ontologydesignpatterns.org/cp/owl/participation.owl#	odpart
http://www.ontologydesignpatterns.org/cp/owl/sequence.owl#	seq
http://www.ontologydesignpatterns.org/cp/owl/situation.owl#	sit
http://www.ontologydesignpatterns.org/cp/owl/situation.owl#	situ
http://www.ontologydesignpatterns.org/cp/owl/timeindexedsituation.owl#	tis
http://www.ontologydesignpatterns.org/cp/owl/timeinterval.owl#	ti
http://www.ontologydesignpatterns.org/ont/dul/IOLite.owl#	iol
http://www.ontologydesignpatterns.org/ont/dul/ontopic.owl#	ontopic
http://www.ontologydesignpatterns.org/ont/lmm/LMM_L1.owl#	lmm1
http://www.ontologydesignpatterns.org/ont/lmm/LMM_L2.owl#	lmm2
http://www.ontologydesignpatterns.org/ont/web/irw.owl#	irw
http://www.ontologydesignpatterns.org/schemas/cpannotationschema.owl#	cpa
http://www.ontologyportal.org/WordNet.owl#	opwn
http://www.ontotext.com/proton/protontop#	ptop
http://www.ontotext.com/trree/owlim#	owlim
http://www.openannotation.org/ns/	oac
http://www.openarchives.org/ore/terms/	ore
http://www.opengis.net/gml/	gml
http://www.opengis.net/ont/geosparql#	gsp
http://www.openk.org/wscaim.owl#	wsc
http://www.openk.org/wscaim.owl#	wscaim
http://www.openlinksw.com/campsites/schema#	campsite
http://www.openlinksw.com/schema/sparql/extensions#	bif
http://www.openlinksw.com/schemas/virtrdf#	openlinks
http://www.openlinksw.com/ski_resorts/schema#	skiresort
http://www.openlinksw.com/virtrdf-data-formats#	rdfdf
http://www.openmobilealliance.org/tech/profiles/UAPROF/ccppschema-20021212#	prf
http://www.openrdf.org/config/repository#	rep
http://www.openrdf.org/config/repository/sail#	sr
http://www.openrdf.org/config/repository/sparql#	sparql
http://www.openrdf.org/config/sail/custom#	custom
http://www.openrdf.org/config/sail/federation#	fed
http://www.openrdf.org/config/sail#	sail
http://www.openrdf.org/rdf/2009/metadata#	meta
http://www.openrdf.org/rdf/2009/object#	obj
http://www.openrdf.org/schema/sesame#	sesame
http://www.ordnancesurvey.co.uk/ontology/AdministrativeGeography/v2.0/AdministrativeGeography.rdf#	osag
http://www.ordnancesurvey.co.uk/ontology/Datatypes.owl#	osukdt
http://www.ordnancesurvey.co.uk/ontology/SpatialRelations/v0.2/SpatialRelations.owl#	onssprel
http://www.ordnancesurvey.co.uk/ontology/Topography/v0.1/Topography.owl#	ostop
http://www.owl-ontologies.com/generations.owl#	genea
http://www.padinthecity.com/	ipad
http://www.productontology.org/id/	pto
http://www.proteinontology.info/po.owl#	prot
http://www.purl.org/ontologia/eseduc#	eseduc
http://www.rdfabout.com/rdf/schema/politico/	politico
http://www.rdfabout.com/rdf/schema/usbill/	bill
http://www.rdfabout.com/rdf/schema/usfec/	fec
http://www.rdfabout.com/rdf/schema/usgovt/	usgov
http://www.rdfabout.com/rdf/schema/vote/	vote
http://www.rdfabout.com/rdf/usgov/geo/us/	govtrackus
http://www.rkbexplorer.com/ontologies/acm#	acm
http://www.rkbexplorer.com/ontologies/coref#	coref
http://www.rkbexplorer.com/ontologies/resist#	resist
http://www.s3db.org/core#	s3db
http://www.semanlink.net/2001/00/semanlink-schema#	sl
http://www.semanticdesktop.org/ontologies/2007/01/19/nie#	nie
http://www.semanticdesktop.org/ontologies/2007/03/22/nco#	nco
http://www.semanticdesktop.org/ontologies/2007/03/22/nmo#	nmo
http://www.semanticdesktop.org/ontologies/2007/04/02/ncal#	ncal
http://www.semanticdesktop.org/ontologies/2007/05/10/nexif#	nexif
http://www.semanticdesktop.org/ontologies/2007/05/10/nid3#	nid3
http://www.semanticdesktop.org/ontologies/2007/08/15/nao#	nao
http://www.semanticdesktop.org/ontologies/2007/08/15/nrl#	nrl
http://www.semanticdesktop.org/ontologies/2007/11/01/pimo#	pimo
http://www.semanticdesktop.org/ontologies/2008/05/20/tmo#	tmo
http://www.semanticdesktop.org/ontologies/nfo/#	nfo
http://www.semanticweb.org/ontologies/2010/6/Ontology1279614123500.owl#	remus
http://www.semanticweb.org/ontologies/cheminf.owl#	cheminf
http://www.smileyontology.com/ns#	smiley
http://www.systemone.at/2006/03/wikipedia#	wikipedia
http://www.tei-c.org/ns/1.0/	tei
http://www.telegraphis.net/ontology/measurement/measurement#	msr
http://www.telegraphis.net/ontology/measurement/quantity#	quty
http://www.tvblob.com/ratings/#	rating
http://www.w3.org/1999/02/22-rdf-syntax-ns#	rdf
http://www.w3.org/1999/xhtml/vocab/	xhtmlvocab
http://www.w3.org/1999/xhtml/vocab#	xhv
http://www.w3.org/1999/xhtml#	xhtml
http://www.w3.org/1999/xlink/	xlink
http://www.w3.org/1999/XSL/Transform#	xsl
http://www.w3.org/2000/01/rdf-schema#	rdfs
http://www.w3.org/2000/10/annotation-ns#	ann
http://www.w3.org/2000/10/swap/crypto#	crypto
http://www.w3.org/2000/10/swap/list#	list
http://www.w3.org/2000/10/swap/log#	log
http://www.w3.org/2000/10/swap/math#	math
http://www.w3.org/2000/10/swap/os#	os
http://www.w3.org/2000/10/swap/pim/contact#	con
http://www.w3.org/2000/10/swap/pim/contact#	contact
http://www.w3.org/2000/10/swap/pim/contact#	w3con
http://www.w3.org/2000/10/swap/pim/doc#	doc
http://www.w3.org/2000/10/swap/reason#	re
http://www.w3.org/2000/10/swap/set#	set
http://www.w3.org/2000/10/swap/string#	string
http://www.w3.org/2001/02pd/rec54.rdf#	rec54
http://www.w3.org/2001/04/xmlenc#	enc
http://www.w3.org/2001/sw/DataAccess/tests/test-dawg#	dawgt
http://www.w3.org/2001/sw/hcls/ns/transmed/	transmed
http://www.w3.org/2001/XMLSchema#	xds
http://www.w3.org/2001/XMLSchema#	xmls
http://www.w3.org/2001/XMLSchema#	xs
http://www.w3.org/2001/XMLSchema#	xsd
http://www.w3.org/2002/01/bookmark#	bookmark
http://www.w3.org/2002/01/p3prdfv1#	p3p
http://www.w3.org/2002/07/owl#	owl
http://www.w3.org/2002/12/cal/ical#	cal
http://www.w3.org/2002/12/cal/ical#	ical
http://www.w3.org/2002/12/cal/icaltzd#	icaltzd
http://www.w3.org/2002/xforms/	xf
http://www.w3.org/2002/xforms/	xforms
http://www.w3.org/2003/01/geo/wgs84_pos#	geo
http://www.w3.org/2003/01/geo/wgs84_pos#	pos
http://www.w3.org/2003/01/geo/wgs84_pos#	wgs
http://www.w3.org/2003/01/geo/wgs84_pos#	wgs84
http://www.w3.org/2003/01/geo/wgs84_pos#	wgspos
http://www.w3.org/2003/05/soap-envelope/	soap
http://www.w3.org/2003/06/sw-vocab-status/ns#	vs
http://www.w3.org/2003/11/swrlb#	swrlb
http://www.w3.org/2003/11/swrl#	swrl
http://www.w3.org/2003/12/exif/ns#	exif
http://www.w3.org/2003/g/data-view#	grddl
http://www.w3.org/2004/02/image-regions#	imreg
http://www.w3.org/2004/02/skos/core#	skos
http://www.w3.org/2004/03/trix/rdfg-1/	rdfg
http://www.w3.org/2004/03/trix/swp-2/	swp
http://www.w3.org/2004/06/rei#	rei
http://www.w3.org/2004/09/fresnel#	fresnel
http://www.w3.org/2004/ql#	ql
http://www.w3.org/2005/01/wai-rdf/GUIRoleTaxonomy#	wairole
http://www.w3.org/2005/01/wf/flow#	flow
http://www.w3.org/2005/01/wf/flow#	wf
http://www.w3.org/2005/07/aaa#	states
http://www.w3.org/2005/11/its/rdf#	itsrdf
http://www.w3.org/2005/Atom/	atom
http://www.w3.org/2005/Incubator/ssn/ssnx/ssn#	ssn
http://www.w3.org/2005/sparql-results#	res
http://www.w3.org/2005/xpath-functions#	fn
http://www.w3.org/2006/03/wn/wn20/schema/	wn20schema
http://www.w3.org/2006/03/wn/wn20/	wn20
http://www.w3.org/2006/gen/ont#	gen
http://www.w3.org/2006/gen/ont#	gso
http://www.w3.org/2006/http#	http
http://www.w3.org/2006/http#	httpvoc
http://www.w3.org/2006/link#	link
http://www.w3.org/2006/time-entry#	te
http://www.w3.org/2006/time#	time
http://www.w3.org/2006/timezone#	tzont
http://www.w3.org/2006/vcard/ns#	vcard
http://www.w3.org/2006/vcard/ns#	vcard2006
http://www.w3.org/2007/05/powder#	powder
http://www.w3.org/2007/05/powder-s#	wdrs
http://www.w3.org/2007/05/powder#	wdr
http://www.w3.org/2007/ont/httph#	httph
http://www.w3.org/2007/rif-builtin-action#	act
http://www.w3.org/2007/rif-builtin-function#	func
http://www.w3.org/2007/rif#	rif
http://www.w3.org/2007/uwa/context/common.owl#	common
http://www.w3.org/2007/uwa/context/deliverycontext.owl#	dcn
http://www.w3.org/2007/uwa/context/hardware.owl#	hard
http://www.w3.org/2007/uwa/context/java.owl#	java
http://www.w3.org/2007/uwa/context/location.owl#	loc
http://www.w3.org/2007/uwa/context/network.owl#	net
http://www.w3.org/2007/uwa/context/push.owl#	push
http://www.w3.org/2007/uwa/context/software.owl#	soft
http://www.w3.org/2007/uwa/context/web.owl#	web
http://www.w3.org/2008/05/skos-xl#	skosxl
http://www.w3.org/2008/content#	cnt
http://www.w3.org/2008/turtle#	ttl
http://www.w3.org/2009/pointers#	ptr
http://www.w3.org/2011/http#	htir
http://www.w3.org/ns/adms#	adms
http://www.w3.org/ns/auth/acl#	acl
http://www.w3.org/ns/auth/cert#	cert
http://www.w3.org/ns/auth/rsa#	rsa
http://www.w3.org/ns/dcat#	dcat
http://www.w3.org/ns/earl#	earl
http://www.w3.org/ns/formats/	formats
http://www.w3.org/ns/ldp#	ldp
http://www.w3.org/ns/ma-ont#	ma
http://www.w3.org/ns/md#	md
http://www.w3.org/ns/oa#	oa
http://www.w3.org/ns/openannotation/extensions/	oax
http://www.w3.org/ns/org#	org
http://www.w3.org/ns/people#	gldp
http://www.w3.org/ns/person#	person
http://www.w3.org/ns/prov#	prov
http://www.w3.org/ns/r2rml#	r2rml
http://www.w3.org/ns/r2rml#	rr
http://www.w3.org/ns/radion#	radion
http://www.w3.org/ns/rad#	rad
http://www.w3.org/ns/rdfa#	rdfa
http://www.w3.org/ns/regorg#	rov
http://www.w3.org/ns/sawsdl#	sawsdl
http://www.w3.org/ns/sparql-service-description#	sd
http://www.w3.org/ns/ui#	ui
http://www.w3.org/People/Berners-Lee/card#	tblcard
http://www.w3.org/TR/2003/PR-owl-guide-20031209/food#	fowl
http://www.w3.org/TR/owl-time#	owltime
http://www.w3.org/TR/SVG/	sgv
http://www.wiwiss.fu-berlin.de/suhl/bizer/D2RQ/0.1#	d2rq
http://www.wsmo.org/ns/wsmo-lite#	wsl
http://www.xbrl.org/2003/instance#	xbrli
http://xmlns.com/aerols/0.1/	aerols
http://xmlns.com/wordnet/1.6/	wn
http://xmlns.com/wot/0.1/	wot
http://xmlns.notu.be/aair#	aair
http://zbw.eu/beta/p20/vocab/	p20
http://zbw.eu/namespaces/zbw-extensions/	zbwext
http://zeitkunst.org/bibtex/0.1/bibtex.owl#	bib
